-- seed data for hmdp backend
-- tb_shop_type: 10 rows; other tables: 50 rows each


INSERT INTO tb_user (id, phone, password, nick_name, icon)
VALUES
    (1, '13900000001', NULL, '阿星', 'https://example.com/avatar-1.png'),
    (2, '13700000002', NULL, '小满', 'https://example.com/avatar-2.png'),
    (3, '13600000003', NULL, '团团', 'https://example.com/avatar-3.png'),
    (4, '13500000004', NULL, '小鹿', 'https://example.com/avatar-4.png'),
    (5, '18800000005', NULL, '南风', 'https://example.com/avatar-5.png'),
    (6, '18700000006', NULL, '阿木', 'https://example.com/avatar-6.png'),
    (7, '18600000007', NULL, '小北', 'https://example.com/avatar-7.png'),
    (8, '15000000008', NULL, '晨曦', 'https://example.com/avatar-8.png'),
    (9, '15100000009', NULL, '晚舟', 'https://example.com/avatar-9.png'),
    (10, '13800000010', NULL, '一一', 'https://example.com/avatar-10.png'),
    (11, '13900000011', NULL, '小周', 'https://example.com/avatar-11.png'),
    (12, '13700000012', NULL, '阿泽', 'https://example.com/avatar-12.png'),
    (13, '13600000013', NULL, '果果', 'https://example.com/avatar-13.png'),
    (14, '13500000014', NULL, '橙子', 'https://example.com/avatar-14.png'),
    (15, '18800000015', NULL, '小雨', 'https://example.com/avatar-15.png'),
    (16, '18700000016', NULL, '阿川', 'https://example.com/avatar-16.png'),
    (17, '18600000017', NULL, '子墨', 'https://example.com/avatar-17.png'),
    (18, '15000000018', NULL, '小白', 'https://example.com/avatar-18.png'),
    (19, '15100000019', NULL, '阿宁', 'https://example.com/avatar-19.png'),
    (20, '13800000020', NULL, '初夏', 'https://example.com/avatar-20.png'),
    (21, '13900000021', NULL, '安安', 'https://example.com/avatar-21.png'),
    (22, '13700000022', NULL, '乐乐', 'https://example.com/avatar-22.png'),
    (23, '13600000023', NULL, '小七', 'https://example.com/avatar-23.png'),
    (24, '13500000024', NULL, '阿远', 'https://example.com/avatar-24.png'),
    (25, '18800000025', NULL, '青柠', 'https://example.com/avatar-25.png'),
    (26, '18700000026', NULL, '可可', 'https://example.com/avatar-26.png'),
    (27, '18600000027', NULL, '小鱼', 'https://example.com/avatar-27.png'),
    (28, '15000000028', NULL, '阿禾', 'https://example.com/avatar-28.png'),
    (29, '15100000029', NULL, '予安', 'https://example.com/avatar-29.png'),
    (30, '13800000030', NULL, '星河', 'https://example.com/avatar-30.png'),
    (31, '13900000031', NULL, '念念', 'https://example.com/avatar-31.png'),
    (32, '13700000032', NULL, '小熊', 'https://example.com/avatar-32.png'),
    (33, '13600000033', NULL, '阿哲', 'https://example.com/avatar-33.png'),
    (34, '13500000034', NULL, '山茶', 'https://example.com/avatar-34.png'),
    (35, '18800000035', NULL, '林深', 'https://example.com/avatar-35.png'),
    (36, '18700000036', NULL, '小乔', 'https://example.com/avatar-36.png'),
    (37, '18600000037', NULL, '阿布', 'https://example.com/avatar-37.png'),
    (38, '15000000038', NULL, '半夏', 'https://example.com/avatar-38.png'),
    (39, '15100000039', NULL, '小南', 'https://example.com/avatar-39.png'),
    (40, '13800000040', NULL, '知秋', 'https://example.com/avatar-40.png'),
    (41, '13900000041', NULL, '阿凯', 'https://example.com/avatar-41.png'),
    (42, '13700000042', NULL, '小林', 'https://example.com/avatar-42.png'),
    (43, '13600000043', NULL, '阿航', 'https://example.com/avatar-43.png'),
    (44, '13500000044', NULL, '沐沐', 'https://example.com/avatar-44.png'),
    (45, '18800000045', NULL, '小唐', 'https://example.com/avatar-45.png'),
    (46, '18700000046', NULL, '阿诚', 'https://example.com/avatar-46.png'),
    (47, '18600000047', NULL, '悠悠', 'https://example.com/avatar-47.png'),
    (48, '15000000048', NULL, '小贝', 'https://example.com/avatar-48.png'),
    (49, '15100000049', NULL, '晴晴', 'https://example.com/avatar-49.png'),
    (50, '13800000050', NULL, '阿然', 'https://example.com/avatar-50.png')
ON DUPLICATE KEY UPDATE phone = VALUES(phone), nick_name = VALUES(nick_name), icon = VALUES(icon);

INSERT INTO tb_shop_type (id, name, sort, icon)
VALUES
    (1, '美食', 1, 'food'),
    (2, '丽人', 2, 'beauty'),
    (3, '酒店', 3, 'hotel'),
    (4, '休闲娱乐', 4, 'entertainment'),
    (5, '健身运动', 5, 'fitness'),
    (6, '亲子', 6, 'parenting'),
    (7, '电影演出', 7, 'movie'),
    (8, '生活服务', 8, 'service'),
    (9, '购物', 9, 'shopping'),
    (10, '咖啡甜品', 10, 'coffee')
ON DUPLICATE KEY UPDATE name = VALUES(name), sort = VALUES(sort), icon = VALUES(icon);

INSERT INTO tb_shop (id, name, type_id, address, x, y, images, avg_price, comments, score, open_hours)
VALUES
    (1, '城南小馆', 1, '上海市黄浦区云南南路 67 号', 121.3623, 31.1297, 'shop-1.jpg', 39, 43, 4.7, '11:00-21:00'),
    (2, '晴空造型', 2, '上海市徐汇区漕溪北路 74 号', 121.3746, 31.1394, 'shop-2.jpg', 128, 160, 4.7, '10:00-22:00'),
    (3, '滨江悦宿', 3, '上海市浦东新区滨江大道 81 号', 121.3869, 31.1491, 'shop-3.jpg', 888, 450, 4.1, '全天营业'),
    (4, '星际桌游馆', 4, '上海市静安区南京西路 88 号', 121.3992, 31.1588, 'shop-4.jpg', 39, 241, 4.3, '10:00-22:00'),
    (5, '跃动健身', 5, '上海市长宁区中山西路 95 号', 121.4115, 31.1685, 'shop-5.jpg', 68, 751, 4.6, '10:30-23:00'),
    (6, '童趣乐园', 6, '上海市普陀区金沙江路 102 号', 121.4238, 31.1782, 'shop-6.jpg', 68, 477, 4.6, '10:00-22:00'),
    (7, '星光影院', 7, '上海市虹口区四川北路 109 号', 121.4361, 31.1879, 'shop-7.jpg', 58, 732, 4.4, '09:30-20:30'),
    (8, '邻里洗衣', 8, '上海市杨浦区五角场路 116 号', 121.4484, 31.1976, 'shop-8.jpg', 58, 238, 4.9, '09:30-20:30'),
    (9, '优选生活馆', 9, '上海市闵行区七莘路 123 号', 121.4607, 31.2073, 'shop-9.jpg', 39, 112, 4.4, '09:30-20:30'),
    (10, '落日咖啡', 10, '上海市宝山区牡丹江路 130 号', 121.473, 31.217, 'shop-10.jpg', 128, 636, 4.3, '08:00-22:00'),
    (11, '老巷川菜2号店', 1, '上海市黄浦区云南南路 137 号', 121.4853, 31.2267, 'shop-11.jpg', 198, 567, 4.2, '10:30-23:00'),
    (12, '蔷薇美甲2号店', 2, '上海市徐汇区漕溪北路 144 号', 121.4976, 31.2364, 'shop-12.jpg', 98, 583, 4.3, '09:30-20:30'),
    (13, '梧桐雅居2号店', 3, '上海市浦东新区滨江大道 151 号', 121.5099, 31.12, 'shop-13.jpg', 888, 214, 4.7, '全天营业'),
    (14, '橙子KTV2号店', 4, '上海市静安区南京西路 158 号', 121.5222, 31.1297, 'shop-14.jpg', 29, 695, 4.3, '09:30-20:30'),
    (15, '燃力拳馆2号店', 5, '上海市长宁区中山西路 165 号', 121.5345, 31.1394, 'shop-15.jpg', 39, 893, 4.3, '10:00-22:00'),
    (16, '小象早教2号店', 6, '上海市普陀区金沙江路 172 号', 121.5468, 31.1491, 'shop-16.jpg', 168, 302, 4.5, '09:30-20:30'),
    (17, '现场音乐厅2号店', 7, '上海市虹口区四川北路 179 号', 121.35, 31.1588, 'shop-17.jpg', 58, 397, 4.4, '09:30-20:30'),
    (18, '极速维修站2号店', 8, '上海市杨浦区五角场路 186 号', 121.3623, 31.1685, 'shop-18.jpg', 39, 641, 4.6, '11:00-21:00'),
    (19, '城市集合店2号店', 9, '上海市闵行区七莘路 193 号', 121.3746, 31.1782, 'shop-19.jpg', 58, 491, 4.4, '11:00-21:00'),
    (20, '奶油星球2号店', 10, '上海市宝山区牡丹江路 200 号', 121.3869, 31.1879, 'shop-20.jpg', 128, 881, 4.7, '08:00-22:00'),
    (21, '海派私房菜3号店', 1, '上海市黄浦区云南南路 207 号', 121.3992, 31.1976, 'shop-21.jpg', 68, 859, 4.1, '09:30-20:30'),
    (22, '木槿皮肤管理3号店', 2, '上海市徐汇区漕溪北路 214 号', 121.4115, 31.2073, 'shop-22.jpg', 198, 292, 4.2, '09:30-20:30'),
    (23, '云朵酒店3号店', 3, '上海市浦东新区滨江大道 221 号', 121.4238, 31.217, 'shop-23.jpg', 488, 689, 4.5, '全天营业'),
    (24, '谜境剧本杀3号店', 4, '上海市静安区南京西路 228 号', 121.4361, 31.2267, 'shop-24.jpg', 198, 164, 4.3, '11:00-21:00'),
    (25, '轻氧瑜伽3号店', 5, '上海市长宁区中山西路 235 号', 121.4484, 31.2364, 'shop-25.jpg', 88, 782, 4.6, '10:30-23:00'),
    (26, '彩虹亲子馆3号店', 6, '上海市普陀区金沙江路 242 号', 121.4607, 31.12, 'shop-26.jpg', 128, 242, 4.9, '11:00-21:00'),
    (27, '周末脱口秀3号店', 7, '上海市虹口区四川北路 249 号', 121.473, 31.1297, 'shop-27.jpg', 198, 111, 4.7, '10:00-22:00'),
    (28, '安心家政3号店', 8, '上海市杨浦区五角场路 256 号', 121.4853, 31.1394, 'shop-28.jpg', 58, 660, 4.2, '10:30-23:00'),
    (29, '花间杂货3号店', 9, '上海市闵行区七莘路 263 号', 121.4976, 31.1491, 'shop-29.jpg', 39, 412, 4.4, '10:30-23:00'),
    (30, '半糖甜品3号店', 10, '上海市宝山区牡丹江路 270 号', 121.5099, 31.1588, 'shop-30.jpg', 88, 584, 4.8, '08:00-22:00'),
    (31, '云上火锅4号店', 1, '上海市黄浦区云南南路 277 号', 121.5222, 31.1685, 'shop-31.jpg', 39, 716, 4.8, '09:30-20:30'),
    (32, '拾光造型4号店', 2, '上海市徐汇区漕溪北路 284 号', 121.5345, 31.1782, 'shop-32.jpg', 168, 132, 4.3, '11:00-21:00'),
    (33, '青旅小院4号店', 3, '上海市浦东新区滨江大道 291 号', 121.5468, 31.1879, 'shop-33.jpg', 688, 21, 4.9, '全天营业'),
    (34, '城市轰趴馆4号店', 4, '上海市静安区南京西路 298 号', 121.35, 31.1976, 'shop-34.jpg', 88, 530, 4.7, '10:00-22:00'),
    (35, '飞驰羽毛球馆4号店', 5, '上海市长宁区中山西路 305 号', 121.3623, 31.2073, 'shop-35.jpg', 88, 879, 4.6, '11:00-21:00'),
    (36, '萌芽绘本馆4号店', 6, '上海市普陀区金沙江路 312 号', 121.3746, 31.217, 'shop-36.jpg', 58, 400, 4.7, '10:00-22:00'),
    (37, '云端剧场4号店', 7, '上海市虹口区四川北路 319 号', 121.3869, 31.2267, 'shop-37.jpg', 128, 518, 4.1, '09:30-20:30'),
    (38, '清新宠物店4号店', 8, '上海市杨浦区五角场路 326 号', 121.3992, 31.2364, 'shop-38.jpg', 88, 263, 4.1, '10:00-22:00'),
    (39, '潮玩空间4号店', 9, '上海市闵行区七莘路 333 号', 121.4115, 31.12, 'shop-39.jpg', 39, 767, 4.5, '10:00-22:00'),
    (40, '云朵烘焙4号店', 10, '上海市宝山区牡丹江路 340 号', 121.4238, 31.1297, 'shop-40.jpg', 58, 149, 4.6, '10:00-22:00'),
    (41, '禾田日料5号店', 1, '上海市黄浦区云南南路 347 号', 121.4361, 31.1394, 'shop-41.jpg', 58, 289, 4.5, '10:30-23:00'),
    (42, '悦己美学5号店', 2, '上海市徐汇区漕溪北路 354 号', 121.4484, 31.1491, 'shop-42.jpg', 128, 969, 4.5, '11:00-21:00'),
    (43, '静安轻居5号店', 3, '上海市浦东新区滨江大道 361 号', 121.4607, 31.1588, 'shop-43.jpg', 588, 426, 4.9, '全天营业'),
    (44, '银河电玩城5号店', 4, '上海市静安区南京西路 368 号', 121.473, 31.1685, 'shop-44.jpg', 128, 466, 4.8, '10:30-23:00'),
    (45, '蓝鲸游泳馆5号店', 5, '上海市长宁区中山西路 375 号', 121.4853, 31.1782, 'shop-45.jpg', 39, 271, 4.3, '09:30-20:30'),
    (46, '奇趣积木社5号店', 6, '上海市普陀区金沙江路 382 号', 121.4976, 31.1879, 'shop-46.jpg', 29, 620, 4.5, '11:00-21:00'),
    (47, '海岸影城5号店', 7, '上海市虹口区四川北路 389 号', 121.5099, 31.1976, 'shop-47.jpg', 29, 90, 4.7, '10:00-22:00'),
    (48, '便民打印社5号店', 8, '上海市杨浦区五角场路 396 号', 121.5222, 31.2073, 'shop-48.jpg', 68, 87, 4.8, '09:30-20:30'),
    (49, '绿洲生鲜5号店', 9, '上海市闵行区七莘路 403 号', 121.5345, 31.217, 'shop-49.jpg', 39, 544, 4.3, '10:30-23:00'),
    (50, '清晨面包房5号店', 10, '上海市宝山区牡丹江路 410 号', 121.5468, 31.2267, 'shop-50.jpg', 68, 570, 4.2, '10:00-22:00')
ON DUPLICATE KEY UPDATE name = VALUES(name), type_id = VALUES(type_id), address = VALUES(address), x = VALUES(x), y = VALUES(y), images = VALUES(images), avg_price = VALUES(avg_price), comments = VALUES(comments), score = VALUES(score), open_hours = VALUES(open_hours);

INSERT INTO tb_voucher (id, shop_id, title, sub_title, pay_value, actual_value, stock, begin_time, end_time, status)
VALUES
    (1, 1, '城南小馆限时秒杀券', '工作日可用', 24950, 49900, 141, '2026-04-01 10:00:00', '2026-12-31 23:59:59', 1),
    (2, 2, '晴空造型双人套餐', '节假日通用', 5805, 12900, 44, '2026-04-01 10:00:00', '2026-12-31 23:59:59', 1),
    (3, 3, '滨江悦宿新人体验券', '每日库存有限', 17940, 29900, 128, '2026-04-01 10:00:00', '2026-12-31 23:59:59', 1),
    (4, 4, '星际桌游馆工作日专享', '节假日通用', 22455, 49900, 192, '2026-04-01 10:00:00', '2026-12-31 23:59:59', 1),
    (5, 5, '跃动健身周末特惠券', '每日库存有限', 2655, 5900, 123, '2026-04-01 10:00:00', '2026-12-31 23:59:59', 1),
    (6, 6, '童趣乐园满减优惠券', '每日库存有限', 8955, 19900, 83, '2026-04-01 10:00:00', '2026-12-31 23:59:59', 1),
    (7, 7, '星光影院会员专属券', '新老用户同享', 9030, 12900, 55, '2026-04-01 10:00:00', '2026-12-31 23:59:59', 1),
    (8, 8, '邻里洗衣早鸟优惠券', '节假日通用', 5940, 9900, 138, '2026-04-01 10:00:00', '2026-12-31 23:59:59', 1),
    (9, 9, '优选生活馆下午茶套餐', '新老用户同享', 4130, 5900, 160, '2026-04-01 10:00:00', '2026-12-31 23:59:59', 1),
    (10, 10, '落日咖啡家庭欢聚券', '限时秒杀，先到先得', 1755, 3900, 43, '2026-04-01 10:00:00', '2026-12-31 23:59:59', 1),
    (11, 11, '老巷川菜2号店限时秒杀券', '新老用户同享', 6930, 9900, 144, '2026-04-01 10:00:00', '2026-12-31 23:59:59', 1),
    (12, 12, '蔷薇美甲2号店双人套餐', '节假日通用', 9030, 12900, 35, '2026-04-01 10:00:00', '2026-12-31 23:59:59', 1),
    (13, 13, '梧桐雅居2号店新人体验券', '新老用户同享', 13455, 29900, 119, '2026-04-01 10:00:00', '2026-12-31 23:59:59', 1),
    (14, 14, '橙子KTV2号店工作日专享', '到店核销可用', 29940, 49900, 128, '2026-04-01 10:00:00', '2026-12-31 23:59:59', 1),
    (15, 15, '燃力拳馆2号店周末特惠券', '每日库存有限', 24950, 49900, 68, '2026-04-01 10:00:00', '2026-12-31 23:59:59', 1),
    (16, 16, '小象早教2号店满减优惠券', '到店核销可用', 5805, 12900, 168, '2026-04-01 10:00:00', '2026-12-31 23:59:59', 1),
    (17, 17, '现场音乐厅2号店会员专属券', '每日库存有限', 2340, 3900, 34, '2026-04-01 10:00:00', '2026-12-31 23:59:59', 1),
    (18, 18, '极速维修站2号店早鸟优惠券', '限时秒杀，先到先得', 24950, 49900, 34, '2026-04-01 10:00:00', '2026-12-31 23:59:59', 1),
    (19, 19, '城市集合店2号店下午茶套餐', '工作日可用', 2950, 5900, 37, '2026-04-01 10:00:00', '2026-12-31 23:59:59', 1),
    (20, 20, '奶油星球2号店家庭欢聚券', '工作日可用', 2950, 5900, 123, '2026-04-01 10:00:00', '2026-12-31 23:59:59', 1),
    (21, 21, '海派私房菜3号店限时秒杀券', '限时秒杀，先到先得', 5805, 12900, 178, '2026-04-01 10:00:00', '2026-12-31 23:59:59', 1),
    (22, 22, '木槿皮肤管理3号店双人套餐', '限时秒杀，先到先得', 17940, 29900, 86, '2026-04-01 10:00:00', '2026-12-31 23:59:59', 1),
    (23, 23, '云朵酒店3号店新人体验券', '新老用户同享', 9950, 19900, 87, '2026-04-01 10:00:00', '2026-12-31 23:59:59', 1),
    (24, 24, '谜境剧本杀3号店工作日专享', '节假日通用', 5940, 9900, 137, '2026-04-01 10:00:00', '2026-12-31 23:59:59', 1),
    (25, 25, '轻氧瑜伽3号店周末特惠券', '到店核销可用', 2655, 5900, 137, '2026-04-01 10:00:00', '2026-12-31 23:59:59', 1),
    (26, 26, '彩虹亲子馆3号店满减优惠券', '工作日可用', 2655, 5900, 157, '2026-04-01 10:00:00', '2026-12-31 23:59:59', 1),
    (27, 27, '周末脱口秀3号店会员专属券', '新老用户同享', 8450, 16900, 109, '2026-04-01 10:00:00', '2026-12-31 23:59:59', 1),
    (28, 28, '安心家政3号店早鸟优惠券', '限时秒杀，先到先得', 7740, 12900, 92, '2026-04-01 10:00:00', '2026-12-31 23:59:59', 1),
    (29, 29, '花间杂货3号店下午茶套餐', '新老用户同享', 29940, 49900, 176, '2026-04-01 10:00:00', '2026-12-31 23:59:59', 1),
    (30, 30, '半糖甜品3号店家庭欢聚券', '每日库存有限', 2340, 3900, 189, '2026-04-01 10:00:00', '2026-12-31 23:59:59', 1),
    (31, 31, '云上火锅4号店限时秒杀券', '限时秒杀，先到先得', 5940, 9900, 49, '2026-04-01 10:00:00', '2026-12-31 23:59:59', 1),
    (32, 32, '拾光造型4号店双人套餐', '限时秒杀，先到先得', 5940, 9900, 92, '2026-04-01 10:00:00', '2026-12-31 23:59:59', 1),
    (33, 33, '青旅小院4号店新人体验券', '工作日可用', 7740, 12900, 72, '2026-04-01 10:00:00', '2026-12-31 23:59:59', 1),
    (34, 34, '城市轰趴馆4号店工作日专享', '每日库存有限', 11830, 16900, 84, '2026-04-01 10:00:00', '2026-12-31 23:59:59', 1),
    (35, 35, '飞驰羽毛球馆4号店周末特惠券', '限时秒杀，先到先得', 4130, 5900, 90, '2026-04-01 10:00:00', '2026-12-31 23:59:59', 1),
    (36, 36, '萌芽绘本馆4号店满减优惠券', '限时秒杀，先到先得', 2340, 3900, 53, '2026-04-01 10:00:00', '2026-12-31 23:59:59', 1),
    (37, 37, '云端剧场4号店会员专属券', '每日库存有限', 8450, 16900, 133, '2026-04-01 10:00:00', '2026-12-31 23:59:59', 1),
    (38, 38, '清新宠物店4号店早鸟优惠券', '工作日可用', 13455, 29900, 48, '2026-04-01 10:00:00', '2026-12-31 23:59:59', 1),
    (39, 39, '潮玩空间4号店下午茶套餐', '限时秒杀，先到先得', 4455, 9900, 114, '2026-04-01 10:00:00', '2026-12-31 23:59:59', 1),
    (40, 40, '云朵烘焙4号店家庭欢聚券', '工作日可用', 6930, 9900, 52, '2026-04-01 10:00:00', '2026-12-31 23:59:59', 1),
    (41, 41, '禾田日料5号店限时秒杀券', '限时秒杀，先到先得', 10140, 16900, 30, '2026-04-01 10:00:00', '2026-12-31 23:59:59', 1),
    (42, 42, '悦己美学5号店双人套餐', '到店核销可用', 6450, 12900, 190, '2026-04-01 10:00:00', '2026-12-31 23:59:59', 1),
    (43, 43, '静安轻居5号店新人体验券', '限时秒杀，先到先得', 13930, 19900, 178, '2026-04-01 10:00:00', '2026-12-31 23:59:59', 1),
    (44, 44, '银河电玩城5号店工作日专享', '每日库存有限', 4950, 9900, 61, '2026-04-01 10:00:00', '2026-12-31 23:59:59', 1),
    (45, 45, '蓝鲸游泳馆5号店周末特惠券', '新老用户同享', 13455, 29900, 65, '2026-04-01 10:00:00', '2026-12-31 23:59:59', 1),
    (46, 46, '奇趣积木社5号店满减优惠券', '每日库存有限', 13930, 19900, 191, '2026-04-01 10:00:00', '2026-12-31 23:59:59', 1),
    (47, 47, '海岸影城5号店会员专属券', '每日库存有限', 7740, 12900, 60, '2026-04-01 10:00:00', '2026-12-31 23:59:59', 1),
    (48, 48, '便民打印社5号店早鸟优惠券', '每日库存有限', 4130, 5900, 29, '2026-04-01 10:00:00', '2026-12-31 23:59:59', 1),
    (49, 49, '绿洲生鲜5号店下午茶套餐', '节假日通用', 6450, 12900, 137, '2026-04-01 10:00:00', '2026-12-31 23:59:59', 1),
    (50, 50, '清晨面包房5号店家庭欢聚券', '到店核销可用', 8450, 16900, 77, '2026-04-01 10:00:00', '2026-12-31 23:59:59', 1)
ON DUPLICATE KEY UPDATE shop_id = VALUES(shop_id), title = VALUES(title), sub_title = VALUES(sub_title), pay_value = VALUES(pay_value), actual_value = VALUES(actual_value), stock = VALUES(stock), begin_time = VALUES(begin_time), end_time = VALUES(end_time), status = VALUES(status);

INSERT INTO tb_blog (id, user_id, shop_id, title, content, images, liked, status)
VALUES
    (1, 1, 3, '这家店值得再来 #1', '环境舒服，服务热情，整体体验很不错。', 'blog-1.jpg', 12, 1),
    (2, 2, 6, '周末体验不错 #2', '位置好找，出品稳定，适合朋友小聚。', 'blog-2.jpg', 98, 1),
    (3, 3, 9, '朋友推荐果然靠谱 #3', '提前预约很方便，到店后基本不用等。', 'blog-3.jpg', 204, 1),
    (4, 4, 12, '服务很细致 #4', '店员沟通耐心，推荐的套餐也比较合适。', 'blog-4.jpg', 168, 1),
    (5, 5, 15, '性价比很高 #5', '价格合理，体验感不错，下次会再来。', 'blog-5.jpg', 142, 1),
    (6, 6, 18, '环境舒服适合拍照 #6', '空间干净整洁，细节处理得比较到位。', 'blog-6.jpg', 35, 1),
    (7, 7, 21, '隐藏宝藏小店 #7', '整体节奏舒适，没有踩雷，推荐尝试。', 'blog-7.jpg', 142, 1),
    (8, 8, 24, '下次还会约朋友来 #8', '人气挺高，建议错峰到店体验更好。', 'blog-8.jpg', 179, 1),
    (9, 9, 27, '整体体验超预期 #9', '朋友都觉得不错，已经加入收藏列表。', 'blog-9.jpg', 260, 1),
    (10, 10, 30, '今天的快乐来自这里 #10', '服务响应很快，适合周末放松一下。', 'blog-10.jpg', 204, 1),
    (11, 11, 33, '这家店值得再来 #11', '环境舒服，服务热情，整体体验很不错。', 'blog-11.jpg', 274, 1),
    (12, 12, 36, '周末体验不错 #12', '位置好找，出品稳定，适合朋友小聚。', 'blog-12.jpg', 169, 1),
    (13, 13, 39, '朋友推荐果然靠谱 #13', '提前预约很方便，到店后基本不用等。', 'blog-13.jpg', 14, 1),
    (14, 14, 42, '服务很细致 #14', '店员沟通耐心，推荐的套餐也比较合适。', 'blog-14.jpg', 59, 1),
    (15, 15, 45, '性价比很高 #15', '价格合理，体验感不错，下次会再来。', 'blog-15.jpg', 133, 1),
    (16, 16, 48, '环境舒服适合拍照 #16', '空间干净整洁，细节处理得比较到位。', 'blog-16.jpg', 91, 1),
    (17, 17, 1, '隐藏宝藏小店 #17', '整体节奏舒适，没有踩雷，推荐尝试。', 'blog-17.jpg', 297, 1),
    (18, 18, 4, '下次还会约朋友来 #18', '人气挺高，建议错峰到店体验更好。', 'blog-18.jpg', 135, 1),
    (19, 19, 7, '整体体验超预期 #19', '朋友都觉得不错，已经加入收藏列表。', 'blog-19.jpg', 19, 1),
    (20, 20, 10, '今天的快乐来自这里 #20', '服务响应很快，适合周末放松一下。', 'blog-20.jpg', 55, 1),
    (21, 21, 13, '这家店值得再来 #21', '环境舒服，服务热情，整体体验很不错。', 'blog-21.jpg', 222, 1),
    (22, 22, 16, '周末体验不错 #22', '位置好找，出品稳定，适合朋友小聚。', 'blog-22.jpg', 176, 1),
    (23, 23, 19, '朋友推荐果然靠谱 #23', '提前预约很方便，到店后基本不用等。', 'blog-23.jpg', 160, 1),
    (24, 24, 22, '服务很细致 #24', '店员沟通耐心，推荐的套餐也比较合适。', 'blog-24.jpg', 223, 1),
    (25, 25, 25, '性价比很高 #25', '价格合理，体验感不错，下次会再来。', 'blog-25.jpg', 261, 1),
    (26, 26, 28, '环境舒服适合拍照 #26', '空间干净整洁，细节处理得比较到位。', 'blog-26.jpg', 59, 1),
    (27, 27, 31, '隐藏宝藏小店 #27', '整体节奏舒适，没有踩雷，推荐尝试。', 'blog-27.jpg', 197, 1),
    (28, 28, 34, '下次还会约朋友来 #28', '人气挺高，建议错峰到店体验更好。', 'blog-28.jpg', 295, 1),
    (29, 29, 37, '整体体验超预期 #29', '朋友都觉得不错，已经加入收藏列表。', 'blog-29.jpg', 97, 1),
    (30, 30, 40, '今天的快乐来自这里 #30', '服务响应很快，适合周末放松一下。', 'blog-30.jpg', 130, 1),
    (31, 31, 43, '这家店值得再来 #31', '环境舒服，服务热情，整体体验很不错。', 'blog-31.jpg', 22, 1),
    (32, 32, 46, '周末体验不错 #32', '位置好找，出品稳定，适合朋友小聚。', 'blog-32.jpg', 223, 1),
    (33, 33, 49, '朋友推荐果然靠谱 #33', '提前预约很方便，到店后基本不用等。', 'blog-33.jpg', 0, 1),
    (34, 34, 2, '服务很细致 #34', '店员沟通耐心，推荐的套餐也比较合适。', 'blog-34.jpg', 266, 1),
    (35, 35, 5, '性价比很高 #35', '价格合理，体验感不错，下次会再来。', 'blog-35.jpg', 275, 1),
    (36, 36, 8, '环境舒服适合拍照 #36', '空间干净整洁，细节处理得比较到位。', 'blog-36.jpg', 100, 1),
    (37, 37, 11, '隐藏宝藏小店 #37', '整体节奏舒适，没有踩雷，推荐尝试。', 'blog-37.jpg', 186, 1),
    (38, 38, 14, '下次还会约朋友来 #38', '人气挺高，建议错峰到店体验更好。', 'blog-38.jpg', 220, 1),
    (39, 39, 17, '整体体验超预期 #39', '朋友都觉得不错，已经加入收藏列表。', 'blog-39.jpg', 35, 1),
    (40, 40, 20, '今天的快乐来自这里 #40', '服务响应很快，适合周末放松一下。', 'blog-40.jpg', 169, 1),
    (41, 41, 23, '这家店值得再来 #41', '环境舒服，服务热情，整体体验很不错。', 'blog-41.jpg', 160, 1),
    (42, 42, 26, '周末体验不错 #42', '位置好找，出品稳定，适合朋友小聚。', 'blog-42.jpg', 63, 1),
    (43, 43, 29, '朋友推荐果然靠谱 #43', '提前预约很方便，到店后基本不用等。', 'blog-43.jpg', 153, 1),
    (44, 44, 32, '服务很细致 #44', '店员沟通耐心，推荐的套餐也比较合适。', 'blog-44.jpg', 259, 1),
    (45, 45, 35, '性价比很高 #45', '价格合理，体验感不错，下次会再来。', 'blog-45.jpg', 158, 1),
    (46, 46, 38, '环境舒服适合拍照 #46', '空间干净整洁，细节处理得比较到位。', 'blog-46.jpg', 209, 1),
    (47, 47, 41, '隐藏宝藏小店 #47', '整体节奏舒适，没有踩雷，推荐尝试。', 'blog-47.jpg', 167, 1),
    (48, 48, 44, '下次还会约朋友来 #48', '人气挺高，建议错峰到店体验更好。', 'blog-48.jpg', 206, 1),
    (49, 49, 47, '整体体验超预期 #49', '朋友都觉得不错，已经加入收藏列表。', 'blog-49.jpg', 151, 1),
    (50, 50, 50, '今天的快乐来自这里 #50', '服务响应很快，适合周末放松一下。', 'blog-50.jpg', 283, 1)
ON DUPLICATE KEY UPDATE user_id = VALUES(user_id), shop_id = VALUES(shop_id), title = VALUES(title), content = VALUES(content), images = VALUES(images), liked = VALUES(liked), status = VALUES(status);

INSERT INTO tb_follow (id, user_id, follow_user_id)
VALUES
    (1, 1, 2),
    (2, 2, 3),
    (3, 3, 4),
    (4, 4, 5),
    (5, 5, 6),
    (6, 6, 7),
    (7, 7, 8),
    (8, 8, 9),
    (9, 9, 10),
    (10, 10, 11),
    (11, 11, 12),
    (12, 12, 13),
    (13, 13, 14),
    (14, 14, 15),
    (15, 15, 16),
    (16, 16, 17),
    (17, 17, 18),
    (18, 18, 19),
    (19, 19, 20),
    (20, 20, 21),
    (21, 21, 22),
    (22, 22, 23),
    (23, 23, 24),
    (24, 24, 25),
    (25, 25, 26),
    (26, 26, 27),
    (27, 27, 28),
    (28, 28, 29),
    (29, 29, 30),
    (30, 30, 31),
    (31, 31, 32),
    (32, 32, 33),
    (33, 33, 34),
    (34, 34, 35),
    (35, 35, 36),
    (36, 36, 37),
    (37, 37, 38),
    (38, 38, 39),
    (39, 39, 40),
    (40, 40, 41),
    (41, 41, 42),
    (42, 42, 43),
    (43, 43, 44),
    (44, 44, 45),
    (45, 45, 46),
    (46, 46, 47),
    (47, 47, 48),
    (48, 48, 49),
    (49, 49, 50),
    (50, 50, 1)
ON DUPLICATE KEY UPDATE user_id = VALUES(user_id), follow_user_id = VALUES(follow_user_id);
